section	title	url	local_path	bytes	sha256	status
TypeScript SDK	Advanced usage	https://linear.app/developers/advanced-usage.md	developers/advanced-usage.md	2597	4360874a76b54d939f1b1a5638067b147ae554ec7685b64354c2f226792f3c41	ok
Agents	Interaction Best Practices	https://linear.app/developers/agent-best-practices.md	developers/agent-best-practices.md	7458	06834ad23c90bf35cf81251a32228822ed05cce6e850f0db10eea4ff54acf377	ok
Agents	Developing the Agent Interaction	https://linear.app/developers/agent-interaction.md	developers/agent-interaction.md	14827	ffc125bfc6c356cf32e12049c032c29842853b3643a862ed6262546921bff8b5	ok
Agents	Signals	https://linear.app/developers/agent-signals.md	developers/agent-signals.md	5296	06dfab3bab6a3a8e19f4d7c7c3794306fbac0ede7530198fd1d3ff44192c8358	ok
Discovered		https://linear.app/developers/agents-externalurls-migration.md	developers/agents-externalurls-migration.md	2488	084ef53b3b2758d7f0e06917e47da6c4ab2ba143ee0d9a544f5d6bcecaac6465	ok
Agents	Getting Started	https://linear.app/developers/agents.md	developers/agents.md	6199	ce75eb2c0bcffe86e8202362a9cfa9943fb167dc62e28df631dc95740285224f	ok
Agents	Agent Interaction Guidelines (AIG)	https://linear.app/developers/aig.md	developers/aig.md	4123	ae3f5f7432e0a14d3e674a03dac5170b5ba86b9171b2125a6f72d9aa50b9d520	ok
GraphQL API	Attachments	https://linear.app/developers/attachments.md	developers/attachments.md	4860	109708a78751b7ac9b4586b0fd06077aaabb856ad13a61fcaed910d691fcaf35	ok
Guides	Create issues using linear.new	https://linear.app/developers/create-issues-using-linear-new.md	developers/create-issues-using-linear-new.md	4390	a4c290f673f4c7980bb7785cad82695e23cdd4b6fdc76dd0382133bc47f403a8	ok
GraphQL API	Deprecations	https://linear.app/developers/deprecations.md	developers/deprecations.md	848	7f3922fe0c08c7b5856e3323f34cd58d0e38f2ab306d15148b3d2403aa6b248b	ok
Authentication	File storage authentication	https://linear.app/developers/file-storage-authentication.md	developers/file-storage-authentication.md	1431	ad181047791b78d016ccf791c3ad88c06917302cf13e433ea949299b0a883c09	ok
GraphQL API	Filtering	https://linear.app/developers/filtering.md	developers/filtering.md	6234	124bc84261bc52421888df932821046e4fcc2f91db6e994c6b053160e4bf4208	ok
GraphQL API	Getting started	https://linear.app/developers/graphql.md	developers/graphql.md	9805	9b796ed7a3b442e5047735ceac15f5be1e3779410eb29f68218118989f91d5a6	ok
Guides	How to upload a file to Linear	https://linear.app/developers/how-to-upload-a-file-to-linear.md	developers/how-to-upload-a-file-to-linear.md	4496	eaa01f0c0d3dfa7d4be6eed568679015bd0483cc07f2250aa9db198166398244	ok
Guides	Integration Directory	https://linear.app/developers/integration-directory.md	developers/integration-directory.md	4189	533960b1b85426cbe7c406659883eb412926bd4a7aee53bb407a01b0bd3d97b7	ok
GraphQL API	Managing Customers	https://linear.app/developers/managing-customers.md	developers/managing-customers.md	8380	b4c56197ebacb471b07dd102a6b13f26767f7d7dc172f8e8794dbe7ac0065c79	ok
TypeScript SDK	Migrating from 1.x to 2.x	https://linear.app/developers/migrating-from-1-x-to-2-x.md	developers/migrating-from-1-x-to-2-x.md	643	1dbd26fd4361a9bfccb370828dd0a36c16a2e9b4528a7fbc2884db7893afccf9	ok
Authentication	OAuth 2.0 authentication	https://linear.app/developers/oauth-2-0-authentication.md	developers/oauth-2-0-authentication.md	13712	947b5ec500bb500f25e1e526aec4d187829027b2a50d00ab255f5b2312ef78dc	ok
Authentication	OAuth actor authorization	https://linear.app/developers/oauth-actor-authorization.md	developers/oauth-actor-authorization.md	1965	09caf0c28055e556c336be8069adb6db6b645d108f6341e634de4108efc9c37e	ok
Authentication	OAuth application manifests	https://linear.app/developers/oauth-app-manifests.md	developers/oauth-app-manifests.md	9243	5050c94cbc1b64306e43bb1240affb45300424410cac456f0cc5db694f5f3558	ok
GraphQL API	Pagination	https://linear.app/developers/pagination.md	developers/pagination.md	1275	73c7f3de42d4fabf1fe9fc757959bbedce8fafee328bcde00f4ef4e10e7d3af4	ok
GraphQL API	Rate limiting	https://linear.app/developers/rate-limiting.md	developers/rate-limiting.md	7996	115302d39549487a814097a0d4f2dce1ad2d2c0b3d090ee3aa7a59a20397155b	ok
TypeScript SDK	Errors	https://linear.app/developers/sdk-errors.md	developers/sdk-errors.md	2821	271e97eafae7b8cba33d4e3a5627ac497698d594b9ab1e15a5b21a94066351f7	ok
TypeScript SDK	Fetching & modifying data	https://linear.app/developers/sdk-fetching-and-modifying-data.md	developers/sdk-fetching-and-modifying-data.md	3447	081261991e84df0823ee11d23afcdb1089099027b7bac36ae54ce83870e6eebd	ok
TypeScript SDK	Webhooks	https://linear.app/developers/sdk-webhooks.md	developers/sdk-webhooks.md	1791	f117d6b98a3ef22007368326bb2f595fe243f9ec4a83b88d94cfeb2ce58f1b3c	ok
TypeScript SDK	Getting started	https://linear.app/developers/sdk.md	developers/sdk.md	2210	edd8dfeebdd5ebbbbf6836e6700dd555dd671042f8f9f1c3f2f20ec192a63db8	ok
GraphQL API	Webhooks	https://linear.app/developers/webhooks.md	developers/webhooks.md	14635	f399ab631e10bc009d23e7e29ccc0d89f732a77e8ba7e76a770a54cfead9dedb	ok
Working in Linear	Preferences	https://linear.app/docs/account-preferences.md	docs/account-preferences.md	3265	86aefdd12ea6cbd57a575ff3003013d1babc873925a15a5c1a9ce65b3348a877	ok
Agents and automation	AI Agents	https://linear.app/docs/agents-in-linear.md	docs/agents-in-linear.md	5886	58625554a1bba5bf7d140816c49ab4984f26f080a2a166040913d8a2b6164b83	ok
Administration	AI Credits	https://linear.app/docs/ai-credits.md	docs/ai-credits.md	7271	7257f5452b472c300aa8ffe849dc1699b9bccd36a2402fd63529a777836f7fc6	ok
Integrations	Airbyte	https://linear.app/docs/airbyte.md	docs/airbyte.md	4867	8b92878435ce628f0103f3561bfeb8437e75956a8e551371f1022d0d9bd917b5	ok
Administration	API and Webhooks	https://linear.app/docs/api-and-webhooks.md	docs/api-and-webhooks.md	3338	502f94bcea11d1e56059db7727cb542b10a1f31d5abd537c90d8331c3693473b	ok
Imports and Exports	Asana	https://linear.app/docs/asana-to-linear.md	docs/asana-to-linear.md	1328	bbebba254d176cb04c41aceb8ff1f368ea52b7f35723c5ed5ecfbd18f9331186	ok
Issues and cycles	Assign and delegate issues	https://linear.app/docs/assigning-issues.md	docs/assigning-issues.md	9572	9c8230db8ca4deb46d0f481c2e55727b5fa177f77a4b3c1eac4032f9a5de76a7	ok
Administration	Audit log	https://linear.app/docs/audit-log.md	docs/audit-log.md	5108	2684b26d5ef80612f05ad758be05ad99c148e66747d4060e161dee8af21606c0	ok
Administration	Billing and plans	https://linear.app/docs/billing-and-plans.md	docs/billing-and-plans.md	8765	5f7d839666efafb601e02689de6f9719914f68862b83de693c355e309c5f45d0	ok
Working in Linear	Board layout	https://linear.app/docs/board-layout.md	docs/board-layout.md	5188	e441635d8fe7a480d63fbd01b51239b381e2fcc72a4b3cccbbe55e07b0c22901	ok
Discovered		https://linear.app/docs/changes-to-user-roles-when-upgrading-to-enterprise.md	docs/changes-to-user-roles-when-upgrading-to-enterprise.md	2513	5896c0b387c6bad39de41cef92798eb3ea55085b98cd4ca39c3089cba66b0525	ok
Imports and Exports	CLI Importer	https://linear.app/docs/cli-importer.md	docs/cli-importer.md	1778	f089a0cea0c36246687de4a38bb1c721e9283c7349187f9215dfe181b8a6d826	ok
Coding and review	Coding settings	https://linear.app/docs/code-and-reviews.md	docs/code-and-reviews.md	5640	cd24035ee7d438d2c5762173b76a5769179e90705d62333080cdec60d9e7b97e	ok
Agents and automation	Code Intelligence	https://linear.app/docs/code-intelligence.md	docs/code-intelligence.md	3827	d2cf6beaa4b976302b526e4ffd21088739cffbbbe20b34629c1eef378ef5bd3c	ok
Coding and review	Coding sessions	https://linear.app/docs/coding-sessions.md	docs/coding-sessions.md	10637	ab8733cb0351ee8e7f572bf3cfb97bb82732c2b4caf07c2a2e945619c651f92c	ok
Issues and cycles	Comments and reactions	https://linear.app/docs/comment-on-issues.md	docs/comment-on-issues.md	4223	47f1c468391ed5514a12e647746ac23275659fdc1ce3baebb6813ac04673c27d	ok
Getting started	Concepts	https://linear.app/docs/conceptual-model.md	docs/conceptual-model.md	6337	73da3517d121261b78863ef66674469b9a6bce49b17f58b449cea0c9c6dc506b	ok
Discovered		https://linear.app/docs/connect-mcp-servers.md	docs/connect-mcp-servers.md	4674	e6c2877a5b1ac7b719f9692793ccda08e83e3310be294de24b58fc856850c99c	ok
Issues and cycles	Issues	https://linear.app/docs/creating-issues.md	docs/creating-issues.md	11282	908e28282247a8e1683432f5f7a39719cf2ccc2f7a1b005f01053aa3004bffb0	ok
Working in Linear	Custom Views	https://linear.app/docs/custom-views.md	docs/custom-views.md	9605	ec00538b5388e6851c8e72e58862039c430f904ba2949e783e4234b2009eabe1	ok
Intake	Customer Requests	https://linear.app/docs/customer-requests.md	docs/customer-requests.md	18011	0ff25149177c51b41d3a7b432bf3c508d28ff8f8e229cbb8b64383ec5a8bdb2e	ok
Insights and outcomes	Cycle graph	https://linear.app/docs/cycle-graph.md	docs/cycle-graph.md	2445	41d42f40d5e95a2a1a647b29908cf40b79ba362f5aa0c60e9865e72e72db9c55	ok
Insights and outcomes	Dashboards	https://linear.app/docs/dashboards.md	docs/dashboards.md	4557	4de2d846d1c72727451e42d87d8de8b2d346b3ff294a6560b72675331229d548	ok
Administration	Team pages	https://linear.app/docs/default-team-pages.md	docs/default-team-pages.md	4661	82ef2f27f0eb21e80e3f16947d3c5eb153f90a8cb1516d19a802469943375616	ok
Issues and cycles	Delete and archive issues	https://linear.app/docs/delete-archive-issues.md	docs/delete-archive-issues.md	4257	ef0577d940f37639ca04a1cc2cabe2d0ea052ef343468d8929eb06642a23c36b	ok
Coding and review	Reviews	https://linear.app/docs/diffs.md	docs/diffs.md	19981	a3c91095bb0c3f10a893cc9758bcf33a3b284b83c7d93658f81e6533e67bf498	ok
Integrations	Discord	https://linear.app/docs/discord.md	docs/discord.md	3189	ba949d6de88fec7079ffc6af557798d32e18e6d749a0f2628cfa9886ed2f607a	ok
Working in Linear	Display options	https://linear.app/docs/display-options.md	docs/display-options.md	6697	b042d41ca189c0ab7e1c6ca68dcd999e376f54a06e8f2569e3ef594eba181415	ok
Working in Linear	Documents	https://linear.app/docs/documents.md	docs/documents.md	6109	f161397d9f588cf9e60ceebe18c2cdafa3e54c1d07531ad3111cad5d5bb201c1	ok
Working in Linear	Editor	https://linear.app/docs/editor.md	docs/editor.md	3502	fbe670743139ffbdfdb5a74058d3c98be1ec86f51d5570d2890f97446cbf1dd3	ok
Imports and Exports	Exporting Data	https://linear.app/docs/exporting-data.md	docs/exporting-data.md	6196	9c60ddc4040989cbd8ae7fd63699175ae44db112a2287e7529c38376cfacb0fb	ok
Working in Linear	Favorites	https://linear.app/docs/favorites.md	docs/favorites.md	2674	9cbd22d555fa5ada9c1b151f54368cc54bc2cc5da2301c9b1b2363400fa61b9a	ok
Integrations	Figma	https://linear.app/docs/figma.md	docs/figma.md	7955	904caf19cb25cdcc1a5d39d1ce2c5d2452043a243a89cbb73a74fe71782d95fd	ok
Working in Linear	Filters	https://linear.app/docs/filters.md	docs/filters.md	5258	22efb7145535c898fe230fa4140cd8ed62cafdbb6d2753257bef58ccfd3f652b	ok
Integrations	Front	https://linear.app/docs/front.md	docs/front.md	5434	e329aa4f9082264a612e1e9e65208764352653a2c6e53c60b42db6c3ea10eed9	ok
Getting started	Download Linear	https://linear.app/docs/get-the-app.md	docs/get-the-app.md	7608	08b777b38ef18766fc15a3be027befb6eafa09f4341d22b446ee954b7f6cb7e7	ok
Integrations	GitHub	https://linear.app/docs/github-integration.md	docs/github-integration.md	10	04b44aeeaf819fd44eff7feb06d61a8af3467c7622447db367779506f65229cb	ok
Imports and Exports	GitHub Issues	https://linear.app/docs/github-to-linear.md	docs/github-to-linear.md	11233	2c28b3bcd40f5c0c0466f6cd16983815e4acd5fcb2a0aaaabd8d9c4f96b31d7b	ok
Discovered		https://linear.app/docs/github.md	docs/github.md	27303	3b2f5cb078c194558850ec298c71b0e56e8976776cbb1bf279e218ded302a034	ok
Integrations	GitLab	https://linear.app/docs/gitlab.md	docs/gitlab.md	11442	a2371e0c16e1077966ad7c0ea7379b1b07cc86ea6d934fbca3d5dba148e379fe	ok
Integrations	Gong	https://linear.app/docs/gong.md	docs/gong.md	3480	66b0769cae9ff38d7a3dd4a18e5b725c338d21532b4ca7217fdacbeb7c550b96	ok
Integrations	Google Sheets	https://linear.app/docs/google-sheets.md	docs/google-sheets.md	5077	2c1f1af495796360e7eb9967c7e741bd3e6b6e3f143308410eb727ef7d851821	ok
Discovered		https://linear.app/docs/how-to-use-linear-large-scaling-companies.md	docs/how-to-use-linear-large-scaling-companies.md	19737	a8304eaa2eae82d7df93c7b526305e38591508a97a8aa2e6293e78b914da080a	ok
Discovered		https://linear.app/docs/how-to-use-linear-small-teams.md	docs/how-to-use-linear-small-teams.md	11948	b79e9269c22a496a2c7c9a01cb3a3852a93ed9e27a6ca011ff7039e3cf7f08bc	ok
Discovered		https://linear.app/docs/how-to-use-linear-startups-mid-size-companies.md	docs/how-to-use-linear-startups-mid-size-companies.md	14809	7c1e64b40635999ec88dcf4f9dc2acb538a7cedf6da0d7992b78080760998004	ok
Imports and Exports	Import Guide	https://linear.app/docs/import-issues.md	docs/import-issues.md	5056	79afecf3bfa9c8712d4f7c719c337f5d0ce561a8d59b972d0eb5647c3b1535bd	ok
Working in Linear	Inbox	https://linear.app/docs/inbox.md	docs/inbox.md	5693	9638028340764b60c194209abb94cc0d5a15200f4ac405710eb94168e5d3afd4	ok
Projects and initiatives	Initiative and project updates	https://linear.app/docs/initiative-and-project-updates.md	docs/initiative-and-project-updates.md	12303	5db54760ce26ae9369d9acfc251674a014e31042a54d304bd703c0cd15bf025c	ok
Projects and initiatives	Initiatives	https://linear.app/docs/initiatives.md	docs/initiatives.md	8309	5b9b8e83d60f1c338d3ee73ab5c351e071991d238c0ad9f9dc3b5d7320d0d83e	ok
Insights and outcomes	Insights	https://linear.app/docs/insights.md	docs/insights.md	5519	dc6282efe0c2ec520bd0bf016441d3df9baa29a711ef7d66743978ec86185ebb	ok
Integrations	Integration Directory	https://linear.app/docs/integration-directory.md	docs/integration-directory.md	4189	533960b1b85426cbe7c406659883eb412926bd4a7aee53bb407a01b0bd3d97b7	ok
Integrations	Intercom	https://linear.app/docs/intercom.md	docs/intercom.md	7043	e2e3dfe650ece509baee8b887b11e99656702265b1f27b8b55a08d39c350f342	ok
Administration	Invite members	https://linear.app/docs/invite-members.md	docs/invite-members.md	4929	3fffe3b02ad749cd9d1487bc26fe1973a04ae5cbe32fbcef7f1a13eed440d88b	ok
Issues and cycles	Issue properties	https://linear.app/docs/issue-properties-home.md	docs/issue-properties-home.md	20	73cfb782a797ac8573c89f85d13023a97e984c3d255447d4bf3430577933fb50	ok
Issues and cycles	Issue templates	https://linear.app/docs/issue-templates.md	docs/issue-templates.md	7587	d47fa9a1b1848964da6d8c898151b0739e7b34534d79b7b545985e269adf1e19	ok
Imports and Exports	Jira	https://linear.app/docs/jira-to-linear.md	docs/jira-to-linear.md	8374	4d1eec33a641dd5ba8c1c9a246c183c082f4d74d7efd945e60b54a4edf71fd9f	ok
Integrations	Jira	https://linear.app/docs/jira.md	docs/jira.md	16425	18a8cbd4be2ebdd0b74d5638a8b1360b0dbc56c5e6fae93a9689b2620b7bd154	ok
Discovered		https://linear.app/docs/joining-your-team-on-linear.md	docs/joining-your-team-on-linear.md	6351	a69d7aa0f7ba304eada61a56f5bf1b9ea71d3e3728ae8d6e1ddb8f1ef56c851d	ok
Agents and automation	Linear Agent	https://linear.app/docs/linear-agent.md	docs/linear-agent.md	16787	5671ed57df2b405be83b4adff7d43eff4e810387458dc4bccfddeb8ea52b4f9c	ok
Intake	Asks with Email	https://linear.app/docs/linear-asks-email.md	docs/linear-asks-email.md	9254	730b85d52ff39b3944d62c9f6dc98f59ca5fbbe5f91a03d5f96cd43bc23b5458	ok
Intake	Asks with Slack	https://linear.app/docs/linear-asks-slack.md	docs/linear-asks-slack.md	16724	205fde126b3531db9e91192a198baf0ec5d6778cebe47c64aaab412b1afcd4e8	ok
Intake	Asks Web Forms	https://linear.app/docs/linear-asks-web-forms.md	docs/linear-asks-web-forms.md	8955	28084feaaee713e8f5cdbfc8f51632bfd17a3644d3948a354227f18c98c50be4	ok
Intake	Linear Asks	https://linear.app/docs/linear-asks.md	docs/linear-asks.md	4910	2c8711122ec08c96f670d596d5a0efe11c9adf2e9d7d4c73831d2f63b9b6d24c	ok
Imports and Exports	Linear	https://linear.app/docs/linear-to-linear.md	docs/linear-to-linear.md	2425	d351808981520ae697ea12416deb86016d1a0639d2b1b67470d52a7df088ff5a	ok
Administration	Login methods	https://linear.app/docs/login-methods.md	docs/login-methods.md	4505	2e5ccaf36d22e12433c54048b6992c11809c1709821ff1d672ca69747944ddc4	ok
Agents and automation	Loops	https://linear.app/docs/loops.md	docs/loops.md	20239	724b3e3345cd7684918468940f81ebe4152c716dbd880a74d178d0a346c0e46f	ok
Agents and automation	MCP server	https://linear.app/docs/mcp.md	docs/mcp.md	16642	0189fbb63dc70e38ba973bad66ccb3e9b42f25ecacab398198becf8fcee13f45	ok
Administration	Members and roles	https://linear.app/docs/members-roles.md	docs/members-roles.md	8130	c6c8b159121843b25dce683fe1ca02eee511b3262aeb6108267bb7b49ffd90b7	ok
Integrations	Microsoft Teams	https://linear.app/docs/microsoft-teams.md	docs/microsoft-teams.md	5255	1a46c3942e9f845e5cc6a0d4034a7f46cbad3c2018f24d6f66fb534edda7f607	ok
Working in Linear	My issues	https://linear.app/docs/my-issues.md	docs/my-issues.md	2295	c972442fa5c58ca8fa0f31f3455596d8726fab9572367e21032895c46ba30957	ok
Working in Linear	Notifications	https://linear.app/docs/notifications.md	docs/notifications.md	5029	7529c71bab2eee813fc955bf45162877e2230af1c3a89fd9de8fe5df30479ab9	ok
Integrations	Notion	https://linear.app/docs/notion.md	docs/notion.md	1510	301fe609c684978e6e0dcbf23a50ef9af1a5dfaf296ba5f903784fb092b9725f	ok
Discovered		https://linear.app/docs/open-issues-with-custom-scripts.md	docs/open-issues-with-custom-scripts.md	2581	13a6feaa5666dfb621fceaf6b280d5b6cf9b27fcf5a4be2d04b0f70a1e48abf2	ok
Issues and cycles	Parent and sub-issues	https://linear.app/docs/parent-and-sub-issues.md	docs/parent-and-sub-issues.md	5108	7425d6f6933ee8bff579174633b53c97d8a41034a8526b0ba0a757ecd3d1e1de	ok
Working in Linear	Peek preview	https://linear.app/docs/peek.md	docs/peek.md	1662	4bea503ba466ff5a53b7c54cc55b59a0b944eea8bb6d1de5e359b9289860b522	ok
Administration	Private teams	https://linear.app/docs/private-teams.md	docs/private-teams.md	8617	74e4f67347f9de8b1c65ffad23b3d760401455cac35580a0ebf515ebcfb857c6	ok
Working in Linear	Profile	https://linear.app/docs/profile.md	docs/profile.md	3475	859d74d532b0565f31dbaa8516aa2d2c79fe17342b4bbcbe644a22fe6df76330	ok
Projects and initiatives	Project dependencies	https://linear.app/docs/project-dependencies.md	docs/project-dependencies.md	2689	af578ad8fc138c7f6c6178a01177beca07071a869c16e8afbd6b49438780776d	ok
Insights and outcomes	Project graph	https://linear.app/docs/project-graph.md	docs/project-graph.md	3545	394e3d747148e6fa01edf3b1cc7d4d07ca7d791a9b80944e441ca7e5383bea9c	ok
Projects and initiatives	Project labels	https://linear.app/docs/project-labels.md	docs/project-labels.md	3863	f2c48eb95c3b4ca6a34e00973bcb6e9cd773b3f95ad70812a4136b85d81166ff	ok
Projects and initiatives	Project milestones	https://linear.app/docs/project-milestones.md	docs/project-milestones.md	7718	4cd6229ecb96b347e4d66977b65af14b1875e74a6ec489495d7e8d52bb4bc3c9	ok
Projects and initiatives	Project notifications	https://linear.app/docs/project-notifications.md	docs/project-notifications.md	2520	35c4dcd74cef5d69486dd7762da0e0c79c765256f8bb59c0e9a40888a0ee2b0f	ok
Projects and initiatives	Project priority	https://linear.app/docs/project-priority.md	docs/project-priority.md	1200	de2069f8d6eb04b76e9675261773750055daeda5a8ac043e41fef8bc88772930	ok
Projects and initiatives	Project status	https://linear.app/docs/project-status.md	docs/project-status.md	1821	21d0f8d9e16d6795e63c079ceb63c3b6bbba2c08ab28f276dddfa86ea0d5e645	ok
Projects and initiatives	Project templates	https://linear.app/docs/project-templates.md	docs/project-templates.md	3076	fd8aab438cc230cf71a78fe9561e251fec34bc969c916408455ac4052607999c	ok
Projects and initiatives	Projects	https://linear.app/docs/projects.md	docs/projects.md	9949	3914cf2b463c32735afbcf85801d1f100c11cffa12b9fc311bde2fb09daa52fd	ok
Working in Linear	Pulse	https://linear.app/docs/pulse.md	docs/pulse.md	3352	b2781beb8b9a6110951d9f6a1cc506a0bcdaccbc378820c164ef50d2072a95b5	ok
Coding and review	Releases	https://linear.app/docs/releases.md	docs/releases.md	10683	509551ece37a23ce9ea52faf3ef49e8dade8b9185cb549cf30835d4071b880f0	ok
Integrations	Salesforce	https://linear.app/docs/salesforce.md	docs/salesforce.md	8819	3f46ec622dc52f33f9022598ac19003373b27cd8ae6de9ee6ce846aaceeef699	ok
Administration	SAML	https://linear.app/docs/saml-and-access-control.md	docs/saml-and-access-control.md	9040	d87e6f9caf667be61e372f747a23644614213282e21657df143b24dcaf1160ce	ok
Administration	SCIM	https://linear.app/docs/scim.md	docs/scim.md	10140	624724ccdc88d2a4f629199a924ec94028f6ff10129e1cbe243a244a9dd81e88	ok
Working in Linear	Search	https://linear.app/docs/search.md	docs/search.md	4796	cc5d770e82971d754d254800ccdfff6addc09a2ee3f576fe19d9b53be6fc901c	ok
Working in Linear	Security & Access	https://linear.app/docs/security-and-access.md	docs/security-and-access.md	1693	073e3cac8d86cbf943bf407fc0fa766cadae96ef001f8177154662d4649399a4	ok
Administration	Security	https://linear.app/docs/security.md	docs/security.md	4731	0798ee840b6cd686eeaab318359c247a5d0789cb94dc0f11d40118930b22d2d8	ok
Issues and cycles	Select issues	https://linear.app/docs/select-issues.md	docs/select-issues.md	2770	6b839eba6af558e6c4f678a7ea319ff62aaa941dac32d6107c09605bf43233db	ok
Integrations	Sentry	https://linear.app/docs/sentry.md	docs/sentry.md	3290	3e63f8854a02d9a83c9acd52244108ef9b52ff76392042c2a70d42b770a1bb8d	ok
Imports and Exports	Shortcut	https://linear.app/docs/shortcut-to-linear.md	docs/shortcut-to-linear.md	806	3d81d7789e86ae737658c7277b5fedb73fcd28006f6705dff3af7bc37b02b731	ok
Integrations	Slack	https://linear.app/docs/slack.md	docs/slack.md	17754	61602d6b8d67e040b57a9e21a1e7192e96c4a987137fec28ce69a4e6176f281c	ok
Getting started	Start Guide	https://linear.app/docs/start-guide.md	docs/start-guide.md	1975	a876af9af09dac7e46239a636373ee31690de06636f33e65bba1ba987601d013	ok
Projects and initiatives	Sub-initiatives	https://linear.app/docs/sub-initiatives.md	docs/sub-initiatives.md	3790	69e3beaddbd3499d100676509d178a8f1d3ae2525412f961f84649eb0e6af665	ok
Administration	Sub-teams	https://linear.app/docs/sub-teams.md	docs/sub-teams.md	6547	effca9f12a32d54f9245adaccfc03e09891866c607a26d5e62ff3e45a425b3c6	ok
Administration	Teams	https://linear.app/docs/teams.md	docs/teams.md	10986	b687b564dd3dcc7eff41eb73c1bdba8245f8b66bd6c09626a473898740331793	ok
Administration	Third-Party App Approvals	https://linear.app/docs/third-party-application-approvals.md	docs/third-party-application-approvals.md	1937	1a7326e1edbaaa177287c73a1beccaf29573f393fb27a779a2e641b754db3290	ok
Working in Linear	Timeline	https://linear.app/docs/timeline.md	docs/timeline.md	2552	bd4a777def2bc85e843de38fd183a60ae736c9176a39f98748517d3228e1016f	ok
Intake	Triage Intelligence	https://linear.app/docs/triage-intelligence.md	docs/triage-intelligence.md	6213	df380746c9fa8fd801779a472dbaf3ec50c8861f61ad5e405b7e0e2a9226e5f6	ok
Intake	Triage	https://linear.app/docs/triage.md	docs/triage.md	6799	bfd66a8cd6d2ab1d6707d1ad0a46bf509ff95a3faa5fcb706f4c7ef09eb55f28	ok
Discovered		https://linear.app/docs/usage-and-limits.md	docs/usage-and-limits.md	8981	038c902cdfabd30aec44cd5c7459d9bca1ccc671e0374f2c30e52895c33b64bf	ok
Issues and cycles	Cycles	https://linear.app/docs/use-cycles.md	docs/use-cycles.md	8461	4c3d70b46b2982937d38f5e4152b09e35ef434378b0823fd8abca9dde930cdbb	ok
Administration	Workspaces	https://linear.app/docs/workspaces.md	docs/workspaces.md	3846	e2c034407978d19ec0e1a28db2370a6031e10e718bc48f2d165cecaa50b4fc1d	ok
Integrations	Zapier	https://linear.app/docs/zapier.md	docs/zapier.md	3381	53d2b2285d5da166a491060303400a6f9bdfb5bd5ae6d6be6894860d6b914dd3	ok
Integrations	Zendesk	https://linear.app/docs/zendesk.md	docs/zendesk.md	7427	e04dcb5dc409a5c4491ce925fd7da3dd2e1aab93b1e81e3d8f8f455add364edf	ok
Discovered		https://raw.githubusercontent.com/linear/linear/master/packages/sdk/src/schema.graphql	external/raw.githubusercontent.com/linear/linear/master/packages/sdk/src/schema.graphql	1341169	d09d9ddf47cd05f0d9a98c032e65f68abc3fed12d6e1d2228fe8f4dc9290859c	ok
